Scrip,Date,Qty,Price,days,gain,Total,Type
ULTRACEMCO,2023-10-03,4,2059.125,,,8236.5,Buy
TITAN,2023-05-02,15,2649.05,138,8988,39735.75,Buy
TITAN,2022-02-08,1,2404.8,586,843.45,2404.8,Buy
TITAN,2022-01-21,1,2537.15,604,711.1,2537.15,Buy
TITAN,2021-12-24,1,2321.2,632,927.05,2321.2,Buy
TITAN,2021-11-26,1,2305.95,660,942.3,2305.95,Buy
TITAN,2021-10-26,1,2453.05,691,795.2,2453.05,Buy
TITAN,2021-10-12,1,2455.9,705,792.35,2455.9,Buy
TITAN,2021-08-25,1,1851.2,753,1397.05,1851.2,Buy
TITAN,2021-07-28,1,1740,781,1508.25,1740,Buy
TITAN,2021-05-24,2,1512,846,3472.5,3024,Buy
TITAN,2021-05-03,2,1446.9,867,3602.7,2893.8,Buy
TITAN,2021-03-24,2,1479.6,907,3537.3,2959.2,Buy
TITAN,2021-02-23,2,1432.2,936,3632.1,2864.4,Buy
TITAN,2021-01-07,2,1541.3,983,3413.9,3082.6,Buy
TITAN,2020-12-08,1,1428.8,1013,1819.45,1428.8,Buy
TITAN,2020-12-08,1,1428.8,1013,1819.45,1428.8,Buy
TITAN,2020-11-11,1,1269.15,1040,1979.1,1269.15,Buy
TITAN,2020-11-11,1,1269.15,1040,1979.1,1269.15,Buy
TITAN,2020-10-09,2,1261.05,1073,3974.4,2522.1,Buy
TITAN,2020-09-04,2,1173,1108,4150.5,2346,Buy
TITAN,2020-08-07,2,1122.75,1136,4251,2245.5,Buy
TITAN,2020-07-08,2,1013.35,1166,4469.8,2026.7,Buy
TITAN,2020-06-09,2,1018.2,1195,4460.1,2036.4,Buy
TITAN,2020-05-07,2,850.05,1228,4796.4,1700.1,Buy
TITAN,2020-04-13,2,962.8,1252,4570.9,1925.6,Buy
TITAN,2020-01-13,1,1153,1343,2095.25,1153,Buy
TITAN,2019-12-11,1,1182.75,1376,2065.5,1182.75,Buy
TITAN,2019-12-10,3,1187.9,1377,6181.05,3563.7,Buy
TIMETECHNO,2019-11-25,10,55.35,1392,1013.5,553.5,Buy
TIMETECHNO,2019-10-25,12,57.7,1423,1188,692.4,Buy
TIMETECHNO,2019-09-25,6,64.9,1453,550.8,389.4,Buy
TIMETECHNO,2019-08-26,12,60.4,1483,1155.6,724.8,Buy
TIMETECHNO,2019-07-25,8,78.65,1515,624.4,629.2,Buy
TIMETECHNO,2019-06-25,3,95.5,1545,183.6,286.5,Buy
TIMETECHNO,2019-06-25,1,95.45,1545,61.25,95.45,Buy
TIMETECHNO,2019-05-22,6,86.8,1579,419.4,520.8,Buy
TIMETECHNO,2019-04-25,6,95.2,1606,369,571.2,Buy
TIMETECHNO,2019-03-25,5,99.05,1637,288.25,495.25,Buy
TECHM,2022-02-14,1,1410.4,580,-111.45,1410.4,Buy
TECHM,2022-01-25,1,1505.85,600,-206.9,1505.85,Buy
TECHM,2021-09-27,2,1468.4,720,-338.9,2936.8,Buy
TECHM,2021-08-20,2,1397.85,758,-197.8,2795.7,Buy
TECHM,2021-06-25,2,1098,814,401.9,2196,Buy
TECHM,2021-04-19,2,997.4,881,603.1,1994.8,Buy
TECHM,2021-04-12,2,1038.3,888,521.3,2076.6,Buy
TECHM,2021-03-15,1,1020.55,916,278.4,1020.55,Buy
TECHM,2021-03-15,1,1020.55,916,278.4,1020.55,Buy
TECHM,2021-01-28,2,969.95,962,658,1939.9,Buy
TECHM,2021-01-15,2,1038.5,975,520.9,2077,Buy
TECHM,2020-12-21,3,903.5,1000,1186.35,2710.5,Buy
TECHM,2020-10-29,3,803.15,1053,1487.4,2409.45,Buy
TECHM,2020-09-09,3,747.15,1103,1655.4,2241.45,Buy
TECHM,2020-08-17,3,713.9,1126,1755.15,2141.7,Buy
TECHM,2020-07-14,2,600,1160,1397.9,1200,Buy
TECHM,2020-07-14,1,600,1160,698.95,600,Buy
TECHM,2020-06-25,3,559.3,1179,2218.95,1677.9,Buy
TECHM,2020-05-18,3,509.2,1217,2369.25,1527.6,Buy
TECHM,2020-03-03,2,744,1293,1109.9,1488,Buy
TCS,2022-12-08,3,3363.45,283,704.55,10090.35,Buy
TCS,2022-12-08,7,3363.45,283,1643.95,23544.15,Buy
TCS,2022-12-08,1,3363.45,283,234.85,3363.45,Buy
TCS,2022-12-08,1,3363.45,283,234.85,3363.45,Buy
TCS,2022-02-08,1,3727,586,-128.7,3727,Buy
TCS,2022-01-21,1,3824.15,604,-225.85,3824.15,Buy
TCS,2021-12-24,1,3666.9,632,-68.6,3666.9,Buy
TCS,2021-11-26,1,3472.05,660,126.25,3472.05,Buy
TCS,2021-10-26,1,3481.7,691,116.6,3481.7,Buy
TCS,2021-10-12,1,3648.85,705,-50.55,3648.85,Buy
TCS,2021-08-25,1,3671,753,-72.7,3671,Buy
TCS,2021-07-28,1,3168.1,781,430.2,3168.1,Buy
TCS,2021-05-24,1,3101.3,846,497,3101.3,Buy
TCS,2021-05-03,1,3030.7,867,567.6,3030.7,Buy
TCS,2021-03-24,1,3138.2,907,460.1,3138.2,Buy
TCS,2021-02-23,1,3000.6,936,597.7,3000.6,Buy
TCS,2021-01-07,1,3013.55,983,584.75,3013.55,Buy
TCS,2020-12-08,1,2755.35,1013,842.95,2755.35,Buy
TCS,2020-11-11,1,2668,1040,930.3,2668,Buy
TCS,2020-10-09,1,2819.05,1073,779.25,2819.05,Buy
TCS,2020-09-04,1,2300.6,1108,1297.7,2300.6,Buy
TCS,2020-08-07,1,2297,1136,1301.3,2297,Buy
TCS,2020-07-08,1,2256.95,1166,1341.35,2256.95,Buy
TCS,2020-06-09,1,2071,1195,1527.3,2071,Buy
TCS,2020-05-07,1,1891.15,1228,1707.15,1891.15,Buy
TCS,2020-04-13,1,1761,1252,1837.3,1761,Buy
TCS,2020-03-11,1,1959.65,1285,1638.65,1959.65,Buy
TCS,2020-02-11,1,2161.4,1314,1436.9,2161.4,Buy
TCS,2020-01-13,1,2196.45,1343,1401.85,2196.45,Buy
TCS,2019-12-11,1,2027,1376,1571.3,2027,Buy
TCS,2019-11-08,1,2162.85,1409,1435.45,2162.85,Buy
TCS,2019-10-09,1,2028.1,1439,1570.2,2028.1,Buy
TCS,2019-09-09,1,2192.8,1469,1405.5,2192.8,Buy
TCS,2019-08-08,1,2230,1501,1368.3,2230,Buy
TCS,2019-07-08,1,2164.9,1532,1433.4,2164.9,Buy
TCS,2019-06-04,1,2198.6,1566,1399.7,2198.6,Buy
TATASTEEL,2023-07-21,350,116.75,58,5320,40862.5,Buy
TATASTEEL,2022-02-08,27,117.78,586,382.72,3180.06,Buy
TATASTEEL,2022-02-08,3,117.78,586,42.52,353.34,Buy
TATASTEEL,2022-01-21,27,117.13,604,400.14,3162.51,Buy
TATASTEEL,2022-01-21,3,117.13,604,44.46,351.39,Buy
TATASTEEL,2021-12-24,27,110.95,632,566.86,2995.65,Buy
TATASTEEL,2021-12-24,3,110.95,632,62.98,332.85,Buy
TATASTEEL,2021-11-26,27,111.98,660,539.19,3023.46,Buy
TATASTEEL,2021-11-26,3,111.98,660,59.91,335.94,Buy
TATASTEEL,2021-10-26,27,132.3,691,-9.45,3572.1,Buy
TATASTEEL,2021-10-26,3,132.3,691,-1.05,396.9,Buy
TATASTEEL,2021-10-12,27,131.4,705,14.85,3547.8,Buy
TATASTEEL,2021-10-12,3,131.4,705,1.65,394.2,Buy
TATASTEEL,2021-08-25,45,141.75,753,-440.78,6378.75,Buy
TATASTEEL,2021-08-25,5,141.75,753,-48.98,708.75,Buy
TATASTEEL,2021-07-28,45,131.9,781,2.25,5935.5,Buy
TATASTEEL,2021-07-28,5,131.9,781,0.25,659.5,Buy
TATASTEEL,2021-05-24,63,108.59,846,1471.36,6841.17,Buy
TATASTEEL,2021-05-24,7,108.59,846,163.48,760.13,Buy
TATASTEEL,2021-05-03,63,104.11,867,1754.23,6558.93,Buy
TATASTEEL,2021-05-03,7,104.11,867,194.91,728.77,Buy
TATASTEEL,2021-03-24,63,70.86,907,3848.98,4464.18,Buy
TATASTEEL,2021-03-24,7,70.86,907,427.66,496.02,Buy
TATASTEEL,2021-02-23,63,71.9,936,3783.15,4529.7,Buy
TATASTEEL,2021-02-23,7,71.9,936,420.35,503.3,Buy
TATASTEEL,2021-01-07,81,72.25,983,4836.1,5852.25,Buy
TATASTEEL,2021-01-07,9,72.25,983,537.34,650.25,Buy
TATASTEEL,2020-12-08,81,60.6,1013,5779.35,4908.6,Buy
TATASTEEL,2020-12-08,9,60.6,1013,642.15,545.4,Buy
TATASTEEL,2020-11-11,81,46.46,1040,6924.69,3763.26,Buy
TATASTEEL,2020-11-11,9,46.46,1040,769.41,418.14,Buy
TATASTEEL,2020-10-09,27,37.47,1073,2551.09,1011.69,Buy
TATASTEEL,2020-10-09,54,37.47,1073,5102.19,2023.38,Buy
TATASTEEL,2020-10-09,6,37.47,1073,566.91,224.82,Buy
TATASTEEL,2020-10-09,3,37.47,1073,283.45,112.41,Buy
TATASTEEL,2020-09-04,81,43.08,1108,7198.47,3489.48,Buy
TATASTEEL,2020-09-04,9,43.08,1108,799.83,387.72,Buy
TATASTEEL,2020-08-07,81,40.16,1136,7435.39,3252.96,Buy
TATASTEEL,2020-08-07,9,40.16,1136,826.15,361.44,Buy
TATASTEEL,2020-07-08,9,33.72,1166,884.07,303.48,Buy
TATASTEEL,2020-07-08,63,33.71,1166,6189.12,2123.73,Buy
TATASTEEL,2020-07-08,1,33.72,1166,98.23,33.72,Buy
TATASTEEL,2020-07-08,7,33.71,1166,687.68,235.97,Buy
TATASTEEL,2020-06-09,81,33.59,1195,7967.56,2720.79,Buy
TATASTEEL,2020-06-09,9,33.59,1195,885.28,302.31,Buy
TATASTEEL,2020-05-07,72,27.51,1228,7519.68,1980.72,Buy
TATASTEEL,2020-05-07,8,27.51,1228,835.52,220.08,Buy
TATASTEEL,2020-04-13,72,28.16,1252,7472.88,2027.52,Buy
TATASTEEL,2020-04-13,8,28.16,1252,830.32,225.28,Buy
TATASTEEL,2020-03-11,9,31.1,1285,907.65,279.9,Buy
TATASTEEL,2020-03-11,45,31.1,1285,4538.25,1399.5,Buy
TATASTEEL,2020-03-11,99,31.1,1285,9984.15,3078.9,Buy
TATASTEEL,2020-03-11,81,31.1,1285,8168.85,2519.1,Buy
TATASTEEL,2020-03-11,11,31.1,1285,1109.35,342.1,Buy
TATASTEEL,2020-03-11,1,31.1,1285,100.85,31.1,Buy
TATASTEEL,2020-03-11,5,31.1,1285,504.25,155.5,Buy
TATASTEEL,2020-03-11,9,31.1,1285,907.65,279.9,Buy
TATASTEEL,2020-02-11,90,45.4,1314,7789.95,4086,Buy
TATASTEEL,2020-02-11,9,45.4,1314,778.99,408.6,Buy
TATASTEEL,2020-02-11,10,45.4,1314,865.55,454,Buy
TATASTEEL,2020-02-11,1,45.4,1314,86.55,45.4,Buy
TATASTEEL,2020-01-13,45,48.94,1343,3735.45,2202.3,Buy
TATASTEEL,2020-01-13,5,48.94,1343,415.05,244.7,Buy
TATASTEEL,2019-12-11,63,40.34,1376,5771.43,2541.42,Buy
TATASTEEL,2019-12-11,7,40.34,1376,641.27,282.38,Buy
TATASTEEL,2019-11-08,18,39.83,1409,1658.25,716.94,Buy
TATASTEEL,2019-11-08,2,39.83,1409,184.25,79.66,Buy
TATASTEEL,2019-10-09,81,32.65,1439,8043.3,2644.65,Buy
TATASTEEL,2019-10-09,9,32.65,1439,893.7,293.85,Buy
TATASTEEL,2019-09-09,63,35.36,1469,6085.17,2227.68,Buy
TATASTEEL,2019-09-09,7,35.36,1469,676.13,247.52,Buy
TATASTEEL,2019-08-08,81,36.8,1501,7707.15,2980.8,Buy
TATASTEEL,2019-08-08,9,36.8,1501,856.35,331.2,Buy
TATASTEEL,2019-07-08,45,47.76,1532,3788.55,2149.2,Buy
TATASTEEL,2019-07-08,5,47.76,1532,420.95,238.8,Buy
TATASTEEL,2019-06-04,45,49.38,1566,3715.65,2222.1,Buy
TATASTEEL,2019-06-04,5,49.38,1566,412.85,246.9,Buy
TAKE-T,2019-11-25,9,97,1392,-686.25,873,Buy
TAKE-T,2019-10-25,6,104.95,1423,-505.2,629.7,Buy
TAKE-T,2019-09-25,9,113.85,1453,-837.9,1024.65,Buy
TAKE-T,2019-08-26,3,102.8,1483,-246.15,308.4,Buy
TAKE-T,2019-07-25,5,107.1,1515,-431.75,535.5,Buy
TAKE-T,2019-06-25,3,124.4,1545,-310.95,373.2,Buy
TAKE-T,2019-06-25,1,124.35,1545,-103.6,124.35,Buy
TAKE-T,2019-06-25,1,124.4,1545,-103.65,124.4,Buy
TAKE-T,2019-05-22,4,139.55,1579,-475.2,558.2,Buy
TAKE-T,2019-04-25,3,148.4,1606,-382.95,445.2,Buy
TAKE-T,2019-03-25,4,126.9,1637,-424.6,507.6,Buy
SUNPHARMA,2022-11-04,40,1041.5,317,4332,41660,Buy
SUNPHARMA,2022-02-04,3,891.8,590,774,2675.4,Buy
SUNPHARMA,2022-01-14,3,862.9,611,860.7,2588.7,Buy
SUNPHARMA,2021-12-06,3,743.6,650,1218.6,2230.8,Buy
SUNPHARMA,2021-11-09,2,801.15,677,697.3,1602.3,Buy
SUNPHARMA,2021-11-09,1,801.1,677,348.7,801.1,Buy
SUNPHARMA,2021-11-04,3,792.85,682,1070.85,2378.55,Buy
SUNPHARMA,2021-09-08,4,772.9,739,1507.6,3091.6,Buy
SUNPHARMA,2021-08-11,4,775.2,767,1498.4,3100.8,Buy
SUNPHARMA,2021-07-08,4,675.3,801,1898,2701.2,Buy
SUNPHARMA,2021-06-09,4,683,830,1867.2,2732,Buy
SUNPHARMA,2021-05-10,4,696.15,860,1814.6,2784.6,Buy
SUNPHARMA,2021-05-06,4,678.75,864,1884.2,2715,Buy
SUNPHARMA,2021-04-06,4,617.25,894,2130.2,2469,Buy
SUNPHARMA,2021-03-08,4,617.8,923,2128,2471.2,Buy
SUNPHARMA,2021-02-16,4,625.5,943,2097.2,2502,Buy
SUNPHARMA,2021-01-25,4,585.7,965,2256.4,2342.8,Buy
SUNPHARMA,2020-12-28,6,588.95,993,3365.1,3533.7,Buy
SUNPHARMA,2020-11-24,6,509.2,1027,3843.6,3055.2,Buy
SUNPHARMA,2020-10-23,6,490.7,1059,3954.6,2944.2,Buy
SUNPHARMA,2020-09-22,6,503.25,1090,3879.3,3019.5,Buy
SUNPHARMA,2020-08-31,6,533.7,1112,3696.6,3202.2,Buy
SUNPHARMA,2020-07-24,6,484.4,1150,3992.4,2906.4,Buy
SUNPHARMA,2020-06-25,6,480.1,1179,4018.2,2880.6,Buy
SUNPHARMA,2020-05-22,5,464.4,1213,3427,2322,Buy
SUNPHARMA,2020-05-22,1,464.4,1213,685.4,464.4,Buy
SUNPHARMA,2020-04-27,4,500.6,1238,2596.8,2002.4,Buy
SUNPHARMA,2020-04-27,1,500.65,1238,649.15,500.65,Buy
SUNPHARMA,2020-04-27,1,500.65,1238,649.15,500.65,Buy
SUNPHARMA,2020-03-30,6,338.35,1266,4868.7,2030.1,Buy
SUNPHARMA,2020-02-25,6,392.6,1300,4543.2,2355.6,Buy
SUNPHARMA,2020-01-23,3,448.75,1333,2103.15,1346.25,Buy
SUNPHARMA,2019-12-23,5,428.7,1364,3605.5,2143.5,Buy
SUNPHARMA,2019-11-22,2,449.95,1395,1399.7,899.9,Buy
SUNPHARMA,2019-10-22,4,407,1426,2971.2,1628,Buy
SUNPHARMA,2019-09-25,6,408.95,1453,4445.1,2453.7,Buy
SUNPHARMA,2019-08-22,5,412.75,1487,3685.25,2063.75,Buy
SUNPHARMA,2019-07-22,1,434.25,1518,715.55,434.25,Buy
SUNPHARMA,2019-06-25,5,378.6,1545,3856,1893,Buy
SUNPHARMA,2019-05-22,4,410.45,1579,2957.4,1641.8,Buy
SUNPHARMA,2019-04-25,1,473.3,1606,676.5,473.3,Buy
SUNPHARMA,2019-04-25,2,473.3,1606,1353,946.6,Buy
SUNPHARMA,2019-03-25,5,466,1637,3419,2330,Buy
SJVN,2019-11-25,19,24.7,1392,962.35,469.3,Buy
SJVN,2019-10-25,10,24.95,1423,504,249.5,Buy
SJVN,2019-09-25,20,24.6,1453,1015,492,Buy
SJVN,2019-08-26,7,24.4,1483,356.65,170.8,Buy
SJVN,2019-07-25,14,24.15,1515,716.8,338.1,Buy
SJVN,2019-06-25,18,24.85,1545,909,447.3,Buy
SJVN,2019-05-22,21,24.15,1579,1075.2,507.15,Buy
SJVN,2019-04-25,21,24.35,1606,1071,511.35,Buy
SJVN,2019-03-25,20,24.05,1637,1026,481,Buy
SBIN,2023-04-03,75,526.95,167,5358.75,39521.25,Buy
SBIN,2022-02-04,6,531.3,590,402.6,3187.8,Buy
SBIN,2022-01-14,6,507.15,611,547.5,3042.9,Buy
SBIN,2021-12-06,6,471.25,650,762.9,2827.5,Buy
SBIN,2021-11-09,6,528.05,677,422.1,3168.3,Buy
SBIN,2021-11-03,6,529,683,416.4,3174,Buy
SBIN,2021-09-08,6,434.7,739,982.2,2608.2,Buy
SBIN,2021-08-11,4,426.15,767,689,1704.6,Buy
SBIN,2021-08-11,2,426.1,767,344.6,852.2,Buy
SBIN,2021-07-08,6,433.25,801,990.9,2599.5,Buy
SBIN,2021-06-09,10,431.1,830,1673,4311,Buy
SBIN,2021-05-10,10,364.9,860,2335,3649,Buy
SBIN,2021-05-06,10,354.3,864,2441,3543,Buy
SBIN,2021-04-06,1,354.5,894,243.9,354.5,Buy
SBIN,2021-04-06,9,354.45,894,2195.55,3190.05,Buy
SBIN,2021-03-08,10,388.7,923,2097,3887,Buy
SBIN,2021-02-16,10,402.15,943,1962.5,4021.5,Buy
SBIN,2021-01-25,10,281.9,965,3165,2819,Buy
SBIN,2020-12-28,11,272.2,993,3588.2,2994.2,Buy
SBIN,2020-12-28,2,272.15,993,652.5,544.3,Buy
SBIN,2020-11-24,13,240.35,1027,4654.65,3124.55,Buy
SBIN,2020-10-23,13,203,1059,5140.2,2639,Buy
SBIN,2020-09-22,13,185,1090,5374.2,2405,Buy
SBIN,2020-08-31,13,219.1,1112,4930.9,2848.3,Buy
SBIN,2020-07-24,13,191.1,1150,5294.9,2484.3,Buy
SBIN,2020-06-25,13,181.7,1179,5417.1,2362.1,Buy
SBIN,2020-05-22,13,151.25,1213,5812.95,1966.25,Buy
SBIN,2020-04-27,13,181.55,1238,5419.05,2360.15,Buy
SBIN,2020-03-30,13,193.25,1266,5266.95,2512.25,Buy
SBIN,2020-02-25,8,324.55,1300,2190.8,2596.4,Buy
SBIN,2020-01-23,11,319.1,1333,3072.3,3510.1,Buy
SBIN,2019-12-23,2,337.45,1364,521.9,674.9,Buy
SBIN,2019-11-22,10,330.25,1395,2681.5,3302.5,Buy
SBIN,2019-10-22,11,274.2,1426,3566.2,3016.2,Buy
SBIN,2019-09-25,8,289.9,1453,2468,2319.2,Buy
SBIN,2019-08-22,15,276,1487,4836,4140,Buy
SBIN,2019-07-22,5,358.6,1518,1199,1793,Buy
SBIN,2019-06-25,1,352.7,1545,245.7,352.7,Buy
SBIN,2019-05-22,7,335.8,1579,1838.2,2350.6,Buy
SBIN,2019-04-25,1,311.05,1606,287.35,311.05,Buy
SBIN,2019-04-25,4,311.05,1606,1149.4,1244.2,Buy
SBIN,2019-03-25,7,293.8,1637,2132.2,2056.6,Buy
SBIN,2019-03-25,2,293.8,1637,609.2,587.6,Buy
RELIANCE,2022-06-10,15,2645.99,464,-2822.07,39689.85,Buy
RELIANCE,2022-02-04,1,2221.91,590,235.94,2221.91,Buy
RELIANCE,2022-01-14,1,2416.03,611,41.82,2416.03,Buy
RELIANCE,2021-12-06,1,2270.86,650,186.99,2270.86,Buy
RELIANCE,2021-11-09,1,2388.15,677,69.7,2388.15,Buy
RELIANCE,2021-11-03,1,2367.13,683,90.72,2367.13,Buy
RELIANCE,2021-09-08,1,2320.42,739,137.43,2320.42,Buy
RELIANCE,2021-09-08,1,2320.47,739,137.38,2320.47,Buy
RELIANCE,2021-08-11,2,1996.95,767,921.79,3993.9,Buy
RELIANCE,2021-07-08,2,2005.25,801,905.21,4010.5,Buy
RELIANCE,2021-06-09,2,2105.76,830,704.18,4211.52,Buy
RELIANCE,2021-05-10,2,1845.59,860,1224.53,3691.18,Buy
RELIANCE,2021-05-06,2,1835.67,864,1244.35,3671.34,Buy
RELIANCE,2021-04-06,2,1889.86,894,1135.98,3779.72,Buy
RELIANCE,2021-03-08,2,2113.24,923,689.21,4226.48,Buy
RELIANCE,2021-02-16,2,1963.83,943,988.04,3927.66,Buy
RELIANCE,2021-01-25,2,1860.69,965,1194.31,3721.38,Buy
RELIANCE,2020-12-28,2,1913.45,993,1088.79,3826.9,Buy
RELIANCE,2020-11-24,2,1848.3,1027,1219.1,3696.6,Buy
RELIANCE,2020-10-23,2,2029.93,1059,855.83,4059.86,Buy
RELIANCE,2020-09-22,1,2113.44,1090,344.41,2113.44,Buy
RELIANCE,2020-09-22,1,2114.05,1090,343.8,2114.05,Buy
RELIANCE,2020-08-31,2,2032.37,1112,850.97,4064.74,Buy
RELIANCE,2020-07-24,2,2028.03,1150,859.64,4056.06,Buy
RELIANCE,2020-06-25,2,1657.47,1179,1600.76,3314.94,Buy
RELIANCE,2020-05-22,1,1372.18,1213,1085.67,1372.18,Buy
RELIANCE,2020-05-22,1,1372.18,1213,1085.67,1372.18,Buy
RELIANCE,2020-04-27,2,1398.34,1238,2119.01,2796.68,Buy
RELIANCE,2020-03-30,2,1011.92,1266,2891.87,2023.84,Buy
RELIANCE,2020-02-25,5,1378.76,1300,5395.47,6893.8,Buy
RELIANCE,2020-01-23,4,1466.12,1333,3966.93,5864.48,Buy
RELIANCE,2019-12-23,3,1488.47,1364,2908.14,4465.41,Buy
RELIANCE,2019-11-22,2,1473.5,1395,1968.69,2947,Buy
RELIANCE,2019-10-22,1,1350.88,1426,1106.97,1350.88,Buy
RELIANCE,2019-09-25,4,1229.06,1453,4915.18,4916.24,Buy
RELIANCE,2019-08-22,4,1200.75,1487,5028.42,4803,Buy
RELIANCE,2019-07-22,1,1195.46,1518,1262.39,1195.46,Buy
RELIANCE,2019-07-22,4,1195.5,1518,5049.39,4782,Buy
RELIANCE,2019-06-25,5,1214.28,1545,6217.84,6071.4,Buy
RELIANCE,2019-05-22,5,1287.49,1579,5851.81,6437.45,Buy
RELIANCE,2019-04-25,3,1340.01,1606,3353.52,4020.03,Buy
RELIANCE,2019-03-25,7,1269.23,1637,8320.32,8884.61,Buy
RELIANCE,2018-10-11,10,1020.45,1802,14374.02,10204.5,Buy
POWERGRID,2023-06-01,170,233.75,108,-6740.5,39737.5,Buy
POWERGRID,2022-02-08,8,209.7,586,-124.8,1677.6,Buy
POWERGRID,2022-01-21,8,214.75,604,-165.2,1718,Buy
POWERGRID,2021-12-24,8,206.3,632,-97.6,1650.4,Buy
POWERGRID,2021-11-26,8,203.4,660,-74.4,1627.2,Buy
POWERGRID,2021-10-26,8,190.75,691,26.8,1526,Buy
POWERGRID,2021-10-12,1,193,705,1.1,193,Buy
POWERGRID,2021-10-12,5,193,705,5.5,965,Buy
POWERGRID,2021-10-12,2,193,705,2.2,386,Buy
POWERGRID,2021-08-25,8,176.15,753,143.6,1409.2,Buy
POWERGRID,2021-07-29,103,0,781,19992.3,0,Buy
POWERGRID,2021-07-28,8,229.75,781,-285.2,1838,Buy
POWERGRID,2021-05-24,9,232.5,846,-345.6,2092.5,Buy
POWERGRID,2021-05-03,9,220.3,867,-235.8,1982.7,Buy
POWERGRID,2021-03-24,1,221.45,907,-27.35,221.45,Buy
POWERGRID,2021-03-24,8,221.45,907,-218.8,1771.6,Buy
POWERGRID,2021-02-23,9,227.35,936,-299.25,2046.15,Buy
POWERGRID,2021-01-07,12,199,983,-58.8,2388,Buy
POWERGRID,2020-12-08,5,192.9,1013,6,964.5,Buy
POWERGRID,2020-12-08,6,192.85,1013,7.5,1157.1,Buy
POWERGRID,2020-12-08,1,192.9,1013,1.2,192.9,Buy
POWERGRID,2020-11-11,12,187.5,1040,79.2,2250,Buy
POWERGRID,2020-10-09,12,158.15,1073,431.4,1897.8,Buy
POWERGRID,2020-09-04,13,175,1108,248.3,2275,Buy
POWERGRID,2020-08-07,13,176.05,1136,234.65,2288.65,Buy
POWERGRID,2020-07-08,11,172.15,1166,241.45,1893.65,Buy
POWERGRID,2020-06-09,13,171.2,1195,297.7,2225.6,Buy
POWERGRID,2020-05-07,11,161.55,1228,358.05,1777.05,Buy
POWERGRID,2020-04-13,11,161.35,1252,360.25,1774.85,Buy
POWERGRID,2020-03-11,5,180.05,1285,70.25,900.25,Buy
POWERGRID,2020-02-11,18,189.45,1314,83.7,3410.1,Buy
POWERGRID,2020-01-13,17,192.75,1343,22.95,3276.75,Buy
POWERGRID,2019-12-11,16,179.95,1376,226.4,2879.2,Buy
POWERGRID,2019-11-08,23,192.4,1409,39.1,4425.2,Buy
POWERGRID,2019-10-09,12,196.85,1439,-33,2362.2,Buy
POWERGRID,2019-09-09,14,203.95,1469,-137.9,2855.3,Buy
POWERGRID,2019-08-08,12,198.4,1501,-51.6,2380.8,Buy
POWERGRID,2019-07-08,13,204.9,1532,-140.4,2663.7,Buy
POWERGRID,2019-06-04,15,192.65,1566,21.75,2889.75,Buy
ONGC,2022-02-04,8,170,590,133.2,1360,Buy
ONGC,2022-01-14,8,160.6,611,208.4,1284.8,Buy
ONGC,2021-12-06,8,143.85,650,342.4,1150.8,Buy
ONGC,2021-11-09,8,156.5,677,241.2,1252,Buy
ONGC,2021-11-03,8,152,683,277.2,1216,Buy
ONGC,2021-09-08,10,118.95,739,677,1189.5,Buy
ONGC,2021-08-11,10,115.75,767,709,1157.5,Buy
ONGC,2021-07-08,5,118.55,801,340.5,592.75,Buy
ONGC,2021-07-08,5,118.55,801,340.5,592.75,Buy
ONGC,2021-06-09,10,127,830,596.5,1270,Buy
ONGC,2021-05-10,10,114.9,860,717.5,1149,Buy
ONGC,2021-05-06,10,111.8,864,748.5,1118,Buy
ONGC,2021-04-06,10,103.6,894,830.5,1036,Buy
ONGC,2021-03-08,10,119.3,923,673.5,1193,Buy
ONGC,2021-02-16,10,103.6,943,830.5,1036,Buy
ONGC,2021-01-25,10,90.7,965,959.5,907,Buy
ONGC,2020-12-28,18,93.5,993,1676.7,1683,Buy
ONGC,2020-11-24,18,76.25,1027,1987.2,1372.5,Buy
ONGC,2020-10-23,18,69.15,1059,2115,1244.7,Buy
ONGC,2020-09-22,18,69.15,1090,2115,1244.7,Buy
ONGC,2020-08-31,18,83.65,1112,1854,1505.7,Buy
ONGC,2020-07-24,18,80.5,1150,1910.7,1449,Buy
ONGC,2020-06-25,18,82.6,1179,1872.9,1486.8,Buy
ONGC,2020-05-22,18,75.9,1213,1993.5,1366.2,Buy
ONGC,2020-04-27,18,68.35,1238,2129.4,1230.3,Buy
ONGC,2020-03-30,18,63.15,1266,2223,1136.7,Buy
ONGC,2020-02-25,15,99.5,1300,1307.25,1492.5,Buy
ONGC,2020-01-23,27,117.65,1333,1863,3176.55,Buy
ONGC,2019-12-23,16,125.95,1364,971.2,2015.2,Buy
ONGC,2019-12-23,1,125.95,1364,60.7,125.95,Buy
ONGC,2019-11-22,21,133.3,1395,1120.35,2799.3,Buy
ONGC,2019-10-22,6,143.7,1426,257.7,862.2,Buy
ONGC,2019-09-25,12,133.05,1453,643.2,1596.6,Buy
ONGC,2019-08-22,21,118.3,1487,1435.35,2484.3,Buy
ONGC,2019-07-22,15,144.85,1518,627,2172.75,Buy
ONGC,2019-06-25,5,167.25,1545,97,836.25,Buy
ONGC,2019-05-22,10,177,1579,96.5,1770,Buy
ONGC,2019-04-25,6,167.8,1606,113.1,1006.8,Buy
ONGC,2019-03-25,13,152.85,1637,439.4,1987.05,Buy
ONGC,2018-10-17,3,162.45,1796,72.6,487.35,Buy
ONGC,2018-10-17,97,162.35,1796,2357.1,15747.95,Buy
NTPC,2022-02-14,8,134.55,580,813.2,1076.4,Buy
NTPC,2022-01-25,8,133.2,600,824,1065.6,Buy
NTPC,2021-09-27,8,124.9,720,890.4,999.2,Buy
NTPC,2021-08-20,1,115.75,758,120.45,115.75,Buy
NTPC,2021-08-20,7,115.75,758,843.15,810.25,Buy
NTPC,2021-06-25,8,117.25,814,951.6,938,Buy
NTPC,2021-04-19,8,99.35,881,1094.8,794.8,Buy
NTPC,2021-04-12,8,98.4,888,1102.4,787.2,Buy
NTPC,2021-03-15,8,109.2,916,1016,873.6,Buy
NTPC,2021-01-28,8,91,962,1161.6,728,Buy
NTPC,2021-01-15,8,102.95,975,1066,823.6,Buy
NTPC,2020-12-21,12,97.95,1000,1659,1175.4,Buy
NTPC,2020-10-29,12,86.25,1053,1799.4,1035,Buy
NTPC,2020-09-09,12,90.15,1103,1752.6,1081.8,Buy
NTPC,2020-08-17,12,95.5,1126,1688.4,1146,Buy
NTPC,2020-07-14,10,88.85,1160,1473.5,888.5,Buy
NTPC,2020-07-14,2,88.85,1160,294.7,177.7,Buy
NTPC,2020-06-25,12,96.85,1179,1672.2,1162.2,Buy
NTPC,2020-05-18,13,89.15,1217,1911.65,1158.95,Buy
NTPC,2020-03-03,10,105.05,1293,1311.5,1050.5,Buy
NMDC,2019-11-25,2,44.06,1392,211.09,88.12,Buy
NMDC,2019-09-25,4,37.48,1453,448.49,149.92,Buy
NMDC,2019-08-26,11,33.19,1483,1280.56,365.09,Buy
NMDC,2019-07-25,3,46.92,1515,308.05,140.76,Buy
NMDC,2019-06-25,3,47.19,1545,307.22,141.57,Buy
NMDC,2019-05-22,5,40.32,1579,546.41,201.6,Buy
NMDC,2019-04-25,5,43.82,1606,528.9,219.1,Buy
NMDC,2019-03-25,5,44.42,1637,525.91,222.1,Buy
NATIONALUM,2019-11-25,10,42.9,1392,543.6,429,Buy
NATIONALUM,2019-10-25,12,42.55,1423,656.52,510.6,Buy
NATIONALUM,2019-09-25,8,45.6,1453,413.28,364.8,Buy
NATIONALUM,2019-08-26,13,39.1,1483,756.08,508.3,Buy
NATIONALUM,2019-07-25,9,45.6,1515,464.94,410.4,Buy
NATIONALUM,2019-06-25,11,49,1545,530.86,539,Buy
NATIONALUM,2019-06-25,1,49.05,1545,48.21,49.05,Buy
NATIONALUM,2019-05-22,10,49.4,1579,478.6,494,Buy
NATIONALUM,2019-04-25,10,53.4,1606,438.6,534,Buy
NATIONALUM,2019-03-25,9,53.25,1637,396.09,479.25,Buy
MOIL,2019-11-25,3,143.95,1392,259.8,431.85,Buy
MOIL,2019-09-25,1,129.8,1453,100.75,129.8,Buy
MOIL,2019-08-26,4,120.7,1483,439.4,482.8,Buy
MOIL,2019-07-25,3,142.3,1515,264.75,426.9,Buy
MOIL,2019-06-25,3,151.15,1545,238.2,453.45,Buy
MOIL,2019-06-25,1,151.15,1545,79.4,151.15,Buy
MOIL,2019-05-22,3,151.3,1579,237.75,453.9,Buy
MOIL,2019-04-25,3,156.65,1606,221.7,469.95,Buy
MOIL,2019-03-25,3,154.8,1637,227.25,464.4,Buy
MASTEK,2019-11-25,1,363.65,1392,2018.6,363.65,Buy
MASTEK,2019-10-25,1,340.3,1423,2041.95,340.3,Buy
MASTEK,2019-09-25,1,352.25,1453,2030,352.25,Buy
MASTEK,2019-08-26,2,310.5,1483,4143.5,621,Buy
MASTEK,2019-07-25,2,384.6,1515,3995.3,769.2,Buy
MASTEK,2019-06-25,1,471.5,1545,1910.75,471.5,Buy
MASTEK,2019-06-25,3,471.9,1545,5731.05,1415.7,Buy
MARUTI,2022-02-14,1,8489.1,580,2036.15,8489.1,Buy
MARUTI,2022-01-25,1,8081.45,600,2443.8,8081.45,Buy
MARUTI,2021-09-27,1,7180.5,720,3344.75,7180.5,Buy
MARUTI,2021-08-20,1,6849.9,758,3675.35,6849.9,Buy
MARUTI,2021-06-25,1,7610.05,814,2915.2,7610.05,Buy
MARUTI,2021-04-19,1,6462.8,881,4062.45,6462.8,Buy
MARUTI,2021-04-12,1,6555.05,888,3970.2,6555.05,Buy
MARUTI,2021-03-15,1,7029.95,916,3495.3,7029.95,Buy
MARUTI,2021-01-28,1,7919,962,2606.25,7919,Buy
MARUTI,2021-01-15,1,8130,975,2395.25,8130,Buy
MARUTI,2020-12-21,1,7368,1000,3157.25,7368,Buy
MARUTI,2020-10-29,1,7027.4,1053,3497.85,7027.4,Buy
MARUTI,2020-09-09,1,7169.95,1103,3355.3,7169.95,Buy
MARUTI,2020-08-17,1,6687,1126,3838.25,6687,Buy
MARUTI,2020-07-14,1,5886,1160,4639.25,5886,Buy
MARUTI,2020-06-25,1,5703.55,1179,4821.7,5703.55,Buy
MARUTI,2020-05-18,1,4760,1217,5765.25,4760,Buy
MARUTI,2020-03-03,1,6324.25,1293,4201,6324.25,Buy
MARUTI,2018-10-11,2,6777.45,1802,7495.6,13554.9,Buy
M&M,2022-02-14,3,832.05,580,2306.55,2496.15,Buy
M&M,2022-01-25,3,848.25,600,2257.95,2544.75,Buy
M&M,2022-01-17,3,889.45,608,2134.35,2668.35,Buy
M&M,2021-12-15,3,841.4,641,2278.5,2524.2,Buy
M&M,2021-11-26,1,847.85,660,753.05,847.85,Buy
M&M,2021-11-26,2,847.85,660,1506.1,1695.7,Buy
M&M,2021-11-18,3,929.55,668,2014.05,2788.65,Buy
LT,2023-09-04,7,2710.15,13,1388.8,18971.05,Buy
LT,2023-09-04,8,2710.1,13,1587.6,21680.8,Buy
LT,2022-02-14,1,1822.9,580,1085.65,1822.9,Buy
LT,2022-01-25,1,1892.1,600,1016.45,1892.1,Buy
LT,2021-09-27,1,1747.35,720,1161.2,1747.35,Buy
LT,2021-08-20,1,1596.5,758,1312.05,1596.5,Buy
LT,2021-06-25,1,1511.1,814,1397.45,1511.1,Buy
LT,2021-04-19,1,1341.55,881,1567,1341.55,Buy
LT,2021-04-12,1,1341.9,888,1566.65,1341.9,Buy
LT,2021-03-15,1,1481.45,916,1427.1,1481.45,Buy
LT,2021-01-28,1,1355,962,1553.55,1355,Buy
LT,2021-01-15,1,1372.75,975,1535.8,1372.75,Buy
LT,2020-12-21,1,1223.85,1000,1684.7,1223.85,Buy
LT,2020-10-29,1,930.1,1053,1978.45,930.1,Buy
LT,2020-09-09,1,923,1103,1985.55,923,Buy
LT,2020-08-17,1,1002.35,1126,1906.2,1002.35,Buy
LT,2020-07-14,1,922,1160,1986.55,922,Buy
LT,2020-06-25,1,940.55,1179,1968,940.55,Buy
LT,2020-05-18,1,825.6,1217,2082.95,825.6,Buy
LT,2020-03-03,1,1168.85,1293,1739.7,1168.85,Buy
KOTAKBANK,2022-02-14,1,1776.2,580,37.7,1776.2,Buy
KOTAKBANK,2022-01-17,1,1934.95,608,-121.05,1934.95,Buy
KOTAKBANK,2021-12-15,1,1838.6,641,-24.7,1838.6,Buy
KOTAKBANK,2021-11-26,1,1980.2,660,-166.3,1980.2,Buy
KOTAKBANK,2021-11-18,1,2024.65,668,-210.75,2024.65,Buy
JSWSTEEL,2023-11-03,26,743.85,,,19340.1,Buy
JSWSTEEL,2023-11-03,20,743.85,,,14877,Buy
ITC,2022-02-04,6,234.9,590,1280.7,1409.4,Buy
ITC,2022-01-14,6,224.05,611,1345.8,1344.3,Buy
ITC,2021-12-06,6,219.05,650,1375.8,1314.3,Buy
ITC,2021-11-09,6,228.9,677,1316.7,1373.4,Buy
ITC,2021-11-03,6,222.65,683,1354.2,1335.9,Buy
ITC,2021-09-08,6,212,739,1418.1,1272,Buy
ITC,2021-08-11,6,208.2,767,1440.9,1249.2,Buy
ITC,2021-07-08,6,203,801,1472.1,1218,Buy
ITC,2021-06-09,6,214.7,830,1401.9,1288.2,Buy
ITC,2021-05-10,6,205.1,860,1459.5,1230.6,Buy
ITC,2021-05-06,6,202.8,864,1473.3,1216.8,Buy
ITC,2021-04-06,6,213.3,894,1410.3,1279.8,Buy
ITC,2021-03-08,6,208.65,923,1438.2,1251.9,Buy
ITC,2021-02-16,6,217.6,943,1384.5,1305.6,Buy
ITC,2021-01-25,6,209.35,965,1434,1256.1,Buy
ITC,2020-12-28,11,208.95,993,2633.4,2298.45,Buy
ITC,2020-11-24,11,193.95,1027,2798.4,2133.45,Buy
ITC,2020-10-23,11,168.05,1059,3083.3,1848.55,Buy
ITC,2020-09-22,11,174.1,1090,3016.75,1915.1,Buy
ITC,2020-08-31,11,194.8,1112,2789.05,2142.8,Buy
ITC,2020-07-24,11,198.15,1150,2752.2,2179.65,Buy
ITC,2020-06-25,11,193.5,1179,2803.35,2128.5,Buy
ITC,2020-05-22,11,186,1213,2885.85,2046,Buy
ITC,2020-04-27,2,182.2,1238,532.3,364.4,Buy
ITC,2020-04-27,9,182.2,1238,2395.35,1639.8,Buy
ITC,2020-03-30,11,162.8,1266,3141.05,1790.8,Buy
ITC,2020-02-25,13,203.9,1300,3177.85,2650.7,Buy
ITC,2020-01-23,14,237.85,1333,2947,3329.9,Buy
ITC,2019-12-23,14,241.1,1364,2901.5,3375.4,Buy
ITC,2019-11-22,13,250.8,1395,2568.15,3260.4,Buy
ITC,2019-10-22,13,250.05,1426,2577.9,3250.65,Buy
ITC,2019-09-25,8,254.15,1453,1553.6,2033.2,Buy
ITC,2019-08-22,14,245.7,1487,2837.1,3439.8,Buy
ITC,2019-07-22,12,265.15,1518,2198.4,3181.8,Buy
ITC,2019-06-25,9,275.85,1545,1552.5,2482.65,Buy
ITC,2019-05-22,10,301.1,1579,1472.5,3011,Buy
ITC,2019-04-25,7,307.7,1606,984.55,2153.9,Buy
ITC,2019-03-25,13,294.4,1637,2001.35,3827.2,Buy
INFY,2022-08-25,19,1531.45,388,-377.15,29097.55,Buy
INFY,2022-08-25,1,1531.45,388,-19.85,1531.45,Buy
INFY,2022-02-04,3,1748.7,590,-711.3,5246.1,Buy
INFY,2022-01-14,3,1917.55,611,-1217.85,5752.65,Buy
INFY,2021-12-06,3,1701.2,650,-568.8,5103.6,Buy
INFY,2021-11-09,3,1742.6,677,-693,5227.8,Buy
INFY,2021-11-03,3,1702.7,683,-573.3,5108.1,Buy
INFY,2021-09-08,4,1695.5,739,-735.6,6782,Buy
INFY,2021-08-11,4,1675.25,767,-654.6,6701,Buy
INFY,2021-07-08,4,1561.15,801,-198.2,6244.6,Buy
INFY,2021-06-09,5,1415.95,830,478.25,7079.75,Buy
INFY,2021-05-10,5,1340,860,858,6700,Buy
INFY,2021-05-06,1,1350.25,864,161.35,1350.25,Buy
INFY,2021-05-06,1,1350.25,864,161.35,1350.25,Buy
INFY,2021-05-06,2,1350.25,864,322.7,2700.5,Buy
INFY,2021-05-06,1,1350.25,864,161.35,1350.25,Buy
INFY,2021-04-06,5,1416.2,894,477,7081,Buy
INFY,2021-03-08,5,1330.75,923,904.25,6653.75,Buy
INFY,2021-02-16,5,1290,943,1108,6450,Buy
INFY,2021-01-25,5,1343.45,965,840.75,6717.25,Buy
INFY,2020-12-28,5,1241.4,993,1351,6207,Buy
INFY,2020-11-24,5,1151.3,1027,1801.5,5756.5,Buy
INFY,2020-10-23,5,1124,1059,1938,5620,Buy
INFY,2020-09-22,1,1009.75,1090,501.85,1009.75,Buy
INFY,2020-09-22,4,1009.75,1090,2007.4,4039,Buy
INFY,2020-08-31,5,937.7,1112,2869.5,4688.5,Buy
INFY,2020-07-24,5,912.8,1150,2994,4564,Buy
INFY,2020-06-25,5,699.65,1179,4059.75,3498.25,Buy
INFY,2020-05-22,5,689.4,1213,4111,3447,Buy
INFY,2020-04-27,5,671.75,1238,4199.25,3358.75,Buy
INFY,2020-03-30,5,651.5,1266,4300.5,3257.5,Buy
INFY,2020-02-25,4,800.85,1300,2843,3203.4,Buy
INFY,2020-01-23,2,783,1333,1457.2,1566,Buy
INFY,2019-12-23,1,734.85,1364,776.75,734.85,Buy
INFY,2019-11-22,3,694.1,1395,2452.5,2082.3,Buy
INFY,2019-10-30,45,661.95,1418,38234.25,29787.75,Buy
INFY,2019-10-22,8,657,1426,6836.8,5256,Buy
INFY,2019-09-25,5,791.15,1453,3602.25,3955.75,Buy
INFY,2019-08-22,3,798,1487,2140.8,2394,Buy
INFY,2019-07-22,2,788,1518,1447.2,1576,Buy
INFY,2019-06-25,2,740.9,1545,1541.4,1481.8,Buy
INFY,2019-05-22,4,715.9,1579,3182.8,2863.6,Buy
INFY,2019-04-25,2,731.65,1606,1559.9,1463.3,Buy
INFY,2019-03-25,5,735.05,1637,3882.75,3675.25,Buy
INDUSINDBK,2022-02-14,2,949.85,580,1000.3,1899.7,Buy
INDUSINDBK,2022-01-25,2,866,600,1168,1732,Buy
INDUSINDBK,2022-01-17,2,920.3,608,1059.4,1840.6,Buy
INDUSINDBK,2021-12-15,2,942.6,641,1014.8,1885.2,Buy
INDUSINDBK,2021-11-26,2,911.35,660,1077.3,1822.7,Buy
INDUSINDBK,2021-11-18,2,1013.15,668,873.7,2026.3,Buy
ICICIBANK,2022-02-14,4,761.5,580,923.4,3046,Buy
ICICIBANK,2022-01-25,4,796.05,600,785.2,3184.2,Buy
ICICIBANK,2022-01-17,4,825.5,608,667.4,3302,Buy
ICICIBANK,2021-12-15,4,754.85,641,950,3019.4,Buy
ICICIBANK,2021-12-15,4,754.85,641,950,3019.4,Buy
ICICIBANK,2021-11-26,4,721.6,660,1083,2886.4,Buy
HINDUNILVR,2022-02-04,1,2302,590,167.7,2302,Buy
HINDUNILVR,2022-01-14,1,2372,611,97.7,2372,Buy
HINDUNILVR,2021-12-06,1,2315.8,650,153.9,2315.8,Buy
HINDUNILVR,2021-11-09,1,2430.75,677,38.95,2430.75,Buy
HINDUNILVR,2021-11-03,1,2411.45,683,58.25,2411.45,Buy
HINDUNILVR,2021-09-08,1,2786.95,739,-317.25,2786.95,Buy
HINDUNILVR,2021-08-11,1,2369.85,767,99.85,2369.85,Buy
HINDUNILVR,2021-07-08,1,2453,801,16.7,2453,Buy
HINDUNILVR,2021-06-09,1,2357.5,830,112.2,2357.5,Buy
HINDUNILVR,2021-05-10,1,2439.75,860,29.95,2439.75,Buy
HINDUNILVR,2021-05-06,1,2389.15,864,80.55,2389.15,Buy
HINDUNILVR,2021-04-06,1,2401.5,894,68.2,2401.5,Buy
HINDUNILVR,2021-03-08,1,2201.65,923,268.05,2201.65,Buy
HINDUNILVR,2021-02-16,1,2194.95,943,274.75,2194.95,Buy
HINDUNILVR,2021-01-25,1,2409.55,965,60.15,2409.55,Buy
HINDUNILVR,2020-12-28,1,2381,993,88.7,2381,Buy
HINDUNILVR,2020-11-24,1,2134.95,1027,334.75,2134.95,Buy
HINDUNILVR,2020-10-23,1,2170.1,1059,299.6,2170.1,Buy
HINDUNILVR,2020-09-22,1,2013,1090,456.7,2013,Buy
HINDUNILVR,2020-08-31,1,2139.05,1112,330.65,2139.05,Buy
HINDUNILVR,2020-07-24,1,2174.45,1150,295.25,2174.45,Buy
HINDUNILVR,2020-06-25,1,2142.65,1179,327.05,2142.65,Buy
HINDUNILVR,2020-05-22,1,1982.9,1213,486.8,1982.9,Buy
HINDUNILVR,2020-04-27,1,2313,1238,156.7,2313,Buy
HINDUNILVR,2020-03-30,1,2189.65,1266,280.05,2189.65,Buy
HINDUNILVR,2020-02-25,1,2256,1300,213.7,2256,Buy
HINDUNILVR,2020-01-23,1,2039.05,1333,430.65,2039.05,Buy
HINDUNILVR,2019-12-23,2,1957,1364,1025.4,3914,Buy
HINDUNILVR,2019-11-22,2,2028.5,1395,882.4,4057,Buy
HINDUNILVR,2019-09-25,1,2038.55,1453,431.15,2038.55,Buy
HINDUNILVR,2019-08-22,3,1867.95,1487,1805.25,5603.85,Buy
HINDUNILVR,2019-07-22,2,1699.5,1518,1540.4,3399,Buy
HINDUNILVR,2019-06-25,1,1754.2,1545,715.5,1754.2,Buy
HINDUNILVR,2019-05-22,2,1764,1579,1411.4,3528,Buy
HINDUNILVR,2019-04-25,1,1758.95,1606,710.75,1758.95,Buy
HINDUNILVR,2019-03-25,2,1669.95,1637,1599.5,3339.9,Buy
HINDUNILVR,2023-10-03,14,2494.5,,,,Buy
HEROMOTOCO,2023-03-01,17,2416.25,200,11007.5,41076.25,Buy
HEROMOTOCO,2022-02-14,1,2651.5,580,412.25,2651.5,Buy
HEROMOTOCO,2022-01-25,1,2753.25,600,310.5,2753.25,Buy
HEROMOTOCO,2021-09-27,1,2897.1,720,166.65,2897.1,Buy
HEROMOTOCO,2021-08-20,1,2707.4,758,356.35,2707.4,Buy
HEROMOTOCO,2021-06-25,1,2946,814,117.75,2946,Buy
HEROMOTOCO,2021-04-19,1,2788.5,881,275.25,2788.5,Buy
HEROMOTOCO,2021-04-12,1,2808.6,888,255.15,2808.6,Buy
HEROMOTOCO,2021-03-15,1,3259.4,916,-195.65,3259.4,Buy
HEROMOTOCO,2021-01-28,1,3397.45,962,-333.7,3397.45,Buy
HEROMOTOCO,2021-01-15,1,3187,975,-123.25,3187,Buy
HEROMOTOCO,2020-12-21,1,2988.4,1000,75.35,2988.4,Buy
HEROMOTOCO,2020-10-29,1,2915.55,1053,148.2,2915.55,Buy
HEROMOTOCO,2020-09-09,1,2904.45,1103,159.3,2904.45,Buy
HEROMOTOCO,2020-08-17,1,2910,1126,153.75,2910,Buy
HEROMOTOCO,2020-07-14,1,2642.4,1160,421.35,2642.4,Buy
HEROMOTOCO,2020-06-25,1,2495,1179,568.75,2495,Buy
HEROMOTOCO,2020-05-18,1,2092.35,1217,971.4,2092.35,Buy
HEROMOTOCO,2020-03-03,1,2020.5,1293,1043.25,2020.5,Buy
HDFCBANK,2022-02-14,1,1386.07,580,275.68,1386.07,Buy
HDFCBANK,2022-02-14,1,1456.8,580,204.95,1456.8,Buy
HDFCBANK,2022-02-14,1,1477.05,580,184.7,1477.05,Buy
HDFCBANK,2022-01-25,1,1488.87,600,172.88,1488.87,Buy
HDFCBANK,2022-01-25,1,1462.6,600,199.15,1462.6,Buy
HDFCBANK,2022-01-17,1,1619.88,608,41.87,1619.88,Buy
HDFCBANK,2022-01-17,1,1621.09,608,40.66,1621.09,Buy
HDFCBANK,2021-12-15,1,1626.58,641,35.17,1626.58,Buy
HDFCBANK,2021-12-15,1,1622.8,641,38.95,1622.8,Buy
HDFCBANK,2021-11-26,1,1644.02,660,17.73,1644.02,Buy
HDFCBANK,2021-11-18,1,1741.28,668,-79.53,1741.28,Buy
HDFCBANK,2021-11-18,1,1481.22,668,180.53,1481.22,Buy
HDFCBANK,2021-09-27,1,1625.55,720,36.2,1625.55,Buy
HDFCBANK,2021-08-20,1,1501.5,758,160.25,1501.5,Buy
HDFCBANK,2021-06-25,1,1508.85,814,152.9,1508.85,Buy
HDFCBANK,2021-04-19,1,1389.8,881,271.95,1389.8,Buy
HDFCBANK,2021-04-12,1,1367.4,888,294.35,1367.4,Buy
HDFCBANK,2021-03-15,1,1522.2,916,139.55,1522.2,Buy
HDFCBANK,2021-01-28,1,1360.65,962,301.1,1360.65,Buy
HDFCBANK,2021-01-15,1,1453.7,975,208.05,1453.7,Buy
HDFCBANK,2020-12-21,1,1378.45,1000,283.3,1378.45,Buy
HDFCBANK,2020-10-29,1,1183.65,1053,478.1,1183.65,Buy
HDFCBANK,2020-09-22,1,1079.3,1090,582.45,1079.3,Buy
HDFCBANK,2020-09-22,6,1000.6,1090,3966.93,6003.6,Buy
HDFCBANK,2020-09-09,1,1099.95,1103,561.8,1099.95,Buy
HDFCBANK,2020-08-17,1,1029.3,1126,632.45,1029.3,Buy
HDFCBANK,2020-07-14,1,1054.35,1160,607.4,1054.35,Buy
HDFCBANK,2020-06-25,1,1011,1179,650.75,1011,Buy
HDFCBANK,2020-05-18,1,838.35,1217,823.4,838.35,Buy
HDFCBANK,2020-03-03,1,1183.8,1293,477.95,1183.8,Buy
HDFCBANK,2018-08-14,6,1158.01,1860,3022.46,6948.06,Buy
HCLTECH,2019-12-05,10,0,1383,13046,0,Buy
HCLTECH,2018-10-08,7,1070.75,1805,1636.95,7495.25,Buy
HCLTECH,2018-10-08,3,1070.75,1805,701.55,3212.25,Buy
HCLTECH,2023-11-03,13,1266,,,16458,Buy
HCLTECH,2023-11-03,14,1266,,,17724,Buy
GSFC,2019-11-25,9,71.15,1392,914.4,640.35,Buy
GSFC,2019-11-25,1,71.15,1392,101.6,71.15,Buy
GSFC,2019-10-25,8,76.2,1423,772.4,609.6,Buy
GSFC,2019-09-25,2,84.85,1453,175.8,169.7,Buy
GSFC,2019-08-26,6,70.1,1483,615.9,420.6,Buy
GSFC,2019-08-26,2,70.1,1483,205.3,140.2,Buy
GSFC,2019-07-25,5,84.3,1515,442.25,421.5,Buy
GSFC,2019-06-25,6,91.3,1545,488.7,547.8,Buy
GSFC,2019-06-25,1,91.3,1545,81.45,91.3,Buy
GSFC,2019-05-22,5,97.05,1579,378.5,485.25,Buy
GSFC,2019-04-25,5,103.1,1606,348.25,515.5,Buy
GSFC,2019-03-25,5,99.85,1637,364.5,499.25,Buy
DABUR,2023-08-02,2,565.7,46,-1.1,1131.4,Buy
DABUR,2023-08-02,1,565.7,46,-0.55,565.7,Buy
DABUR,2023-08-02,1,565.7,46,-0.55,565.7,Buy
DABUR,2023-08-02,1,565.7,46,-0.55,565.7,Buy
DABUR,2023-08-02,1,565.7,46,-0.55,565.7,Buy
DABUR,2023-08-02,1,565.7,46,-0.55,565.7,Buy
DABUR,2023-08-02,2,565.7,46,-1.1,1131.4,Buy
DABUR,2023-08-02,1,565.7,46,-0.55,565.7,Buy
DABUR,2023-08-02,3,565.7,46,-1.65,1697.1,Buy
DABUR,2023-08-02,1,565.7,46,-0.55,565.7,Buy
DABUR,2023-08-02,2,565.7,46,-1.1,1131.4,Buy
DABUR,2023-08-02,41,565.7,46,-22.55,23193.7,Buy
DABUR,2023-08-02,1,565.7,46,-0.55,565.7,Buy
DABUR,2023-08-02,1,565.7,46,-0.55,565.7,Buy
DABUR,2023-08-02,2,565.7,46,-1.1,1131.4,Buy
DABUR,2023-08-02,1,565.7,46,-0.55,565.7,Buy
DABUR,2023-08-02,2,565.7,46,-1.1,1131.4,Buy
DABUR,2023-08-02,1,565.7,46,-0.55,565.7,Buy
DABUR,2023-08-02,1,565.7,46,-0.55,565.7,Buy
DABUR,2023-08-02,2,565.7,46,-1.1,1131.4,Buy
DABUR,2023-08-02,1,565.7,46,-0.55,565.7,Buy
DABUR,2023-08-02,1,565.7,46,-0.55,565.7,Buy
DABUR,2023-08-02,2,565.7,46,-1.1,1131.4,Buy
DABUR,2022-02-08,4,563.1,586,8.2,2252.4,Buy
DABUR,2022-01-21,4,550.5,604,58.6,2202,Buy
DABUR,2021-12-24,4,567.9,632,-11,2271.6,Buy
DABUR,2021-11-26,4,604.15,660,-156,2416.6,Buy
DABUR,2021-10-26,4,580.6,691,-61.8,2322.4,Buy
DABUR,2021-10-12,4,618.4,705,-213,2473.6,Buy
DABUR,2021-08-25,4,598.55,753,-133.6,2394.2,Buy
DABUR,2021-07-28,2,597.75,781,-65.2,1195.5,Buy
DABUR,2021-07-28,2,597.75,781,-65.2,1195.5,Buy
DABUR,2021-05-24,4,533.9,846,125,2135.6,Buy
DABUR,2021-05-03,4,545.95,867,76.8,2183.8,Buy
DABUR,2021-03-24,4,532.6,907,130.2,2130.4,Buy
DABUR,2021-02-23,4,502.4,936,251,2009.6,Buy
DABUR,2021-01-07,5,536,983,145.75,2680,Buy
DABUR,2020-12-08,1,500.55,1013,64.6,500.55,Buy
DABUR,2020-12-08,4,500.55,1013,258.4,2002.2,Buy
DABUR,2020-11-11,5,508.9,1040,281.25,2544.5,Buy
DABUR,2020-10-09,2,520.25,1073,89.8,1040.5,Buy
DABUR,2020-10-09,3,520.25,1073,134.7,1560.75,Buy
DABUR,2020-09-04,5,491.6,1108,367.75,2458,Buy
DABUR,2020-08-07,5,511.1,1136,270.25,2555.5,Buy
DABUR,2020-07-08,4,478,1166,348.6,1912,Buy
DABUR,2020-06-09,5,470.5,1195,473.25,2352.5,Buy
DABUR,2020-05-07,4,442.2,1228,491.8,1768.8,Buy
DABUR,2020-04-13,4,481.9,1252,333,1927.6,Buy
DABUR,2020-03-11,2,484.45,1285,161.4,968.9,Buy
DABUR,2020-02-11,2,513.4,1314,103.5,1026.8,Buy
DABUR,2020-01-13,4,475.2,1343,359.8,1900.8,Buy
DABUR,2019-12-11,1,453.45,1376,111.7,453.45,Buy
DABUR,2019-12-11,1,453.45,1376,111.7,453.45,Buy
DABUR,2019-12-11,3,453.45,1376,335.1,1360.35,Buy
DABUR,2019-11-08,1,477.4,1409,87.75,477.4,Buy
DABUR,2019-11-08,3,477.4,1409,263.25,1432.2,Buy
DABUR,2019-10-09,4,438,1439,508.6,1752,Buy
DABUR,2019-09-09,4,445,1469,480.6,1780,Buy
DABUR,2019-08-08,3,436.8,1501,385.05,1310.4,Buy
DABUR,2019-07-08,5,406.8,1532,791.75,2034,Buy
DABUR,2019-06-04,4,408.15,1566,628,1632.6,Buy
DABUR,2019-06-04,1,408.15,1566,157,408.15,Buy
COALINDIA,2022-02-08,8,158.6,586,965.6,1268.8,Buy
COALINDIA,2022-01-21,8,158.75,604,964.4,1270,Buy
COALINDIA,2021-12-24,8,145.75,632,1068.4,1166,Buy
COALINDIA,2021-11-26,8,156.5,660,982.4,1252,Buy
COALINDIA,2021-10-26,8,173.1,691,849.6,1384.8,Buy
COALINDIA,2021-10-12,8,193.95,705,682.8,1551.6,Buy
COALINDIA,2021-08-25,8,138.2,753,1128.8,1105.6,Buy
COALINDIA,2021-07-28,8,141.95,781,1098.8,1135.6,Buy
COALINDIA,2021-05-24,12,149.05,846,1563,1788.6,Buy
COALINDIA,2021-05-03,12,132.5,867,1761.6,1590,Buy
COALINDIA,2021-03-24,12,133.35,907,1751.4,1600.2,Buy
COALINDIA,2021-02-23,4,137.3,936,568,549.2,Buy
COALINDIA,2021-02-23,8,137.3,936,1136,1098.4,Buy
COALINDIA,2021-01-07,12,136.55,983,1713,1638.6,Buy
COALINDIA,2020-12-08,12,133.4,1013,1750.8,1600.8,Buy
COALINDIA,2020-11-11,12,125.35,1040,1847.4,1504.2,Buy
COALINDIA,2020-10-09,12,115.55,1073,1965,1386.6,Buy
COALINDIA,2020-09-04,13,134.2,1108,1886.3,1744.6,Buy
COALINDIA,2020-08-07,13,129.6,1136,1946.1,1684.8,Buy
COALINDIA,2020-07-08,11,132.35,1166,1616.45,1455.85,Buy
COALINDIA,2020-06-09,13,145.1,1195,1744.6,1886.3,Buy
COALINDIA,2020-05-07,11,130.7,1228,1634.6,1437.7,Buy
COALINDIA,2020-04-13,11,144.7,1252,1480.6,1591.7,Buy
COALINDIA,2020-03-11,14,159.9,1285,1671.6,2238.6,Buy
COALINDIA,2020-02-11,32,178.1,1314,3238.4,5699.2,Buy
COALINDIA,2020-01-13,11,209.45,1343,768.35,2303.95,Buy
COALINDIA,2019-12-11,14,187,1376,1292.2,2618,Buy
COALINDIA,2019-11-08,9,213.3,1409,594,1919.7,Buy
COALINDIA,2019-10-09,14,185.65,1439,1311.1,2599.1,Buy
COALINDIA,2019-09-09,15,198.65,1469,1209.75,2979.75,Buy
COALINDIA,2019-08-08,13,209.8,1501,903.5,2727.4,Buy
COALINDIA,2019-07-08,12,236.7,1532,511.2,2840.4,Buy
COALINDIA,2019-06-04,10,262.4,1566,169,2624,Buy
BHARTIARTL,2022-02-14,2,697.95,580,476.4,1395.9,Buy
BHARTIARTL,2022-01-25,2,713,600,446.3,1426,Buy
BHARTIARTL,2021-09-27,3,723.85,720,636.9,2171.55,Buy
BHARTIARTL,2021-08-20,3,620.2,758,947.85,1860.6,Buy
BHARTIARTL,2021-06-25,3,530.4,814,1217.25,1591.2,Buy
BHARTIARTL,2021-04-19,1,526.9,881,409.25,526.9,Buy
BHARTIARTL,2021-04-19,2,526.9,881,818.5,1053.8,Buy
BHARTIARTL,2021-04-12,3,522.05,888,1242.3,1566.15,Buy
BHARTIARTL,2021-03-15,3,520.1,916,1248.15,1560.3,Buy
BHARTIARTL,2021-01-28,3,570,962,1098.45,1710,Buy
BHARTIARTL,2021-01-15,3,602.4,975,1001.25,1807.2,Buy
BHARTIARTL,2020-12-21,5,491.75,1000,2222,2458.75,Buy
BHARTIARTL,2020-10-29,5,450.25,1053,2429.5,2251.25,Buy
BHARTIARTL,2020-09-09,5,495.9,1103,2201.25,2479.5,Buy
BHARTIARTL,2020-08-17,5,526.5,1126,2048.25,2632.5,Buy
BHARTIARTL,2020-07-14,5,585.5,1160,1753.25,2927.5,Buy
BHARTIARTL,2020-06-25,5,555.25,1179,1904.5,2776.25,Buy
BHARTIARTL,2020-05-18,5,549.05,1217,1935.5,2745.25,Buy
BHARTIARTL,2020-03-03,3,528.6,1293,1222.65,1585.8,Buy
BHARTIARTL,2020-03-03,1,528.6,1293,407.55,528.6,Buy
BAJAJFINSV,2023-10-18,24,1630,,,39120,Buy
BAJAJFINSV,2023-10-18,6,1630,,,9780,Buy
BAJFINANCE,2022-02-14,1,6860,580,632.2,6860,Buy
BAJFINANCE,2022-01-25,1,6834.95,600,657.25,6834.95,Buy
BAJFINANCE,2021-09-27,1,7778.5,720,-286.3,7778.5,Buy
BAJFINANCE,2021-08-20,1,6576,758,916.2,6576,Buy
BAJFINANCE,2021-06-25,1,6061.4,814,1430.8,6061.4,Buy
BAJFINANCE,2021-04-19,1,4433.7,881,3058.5,4433.7,Buy
BAJFINANCE,2021-04-12,1,4555.5,888,2936.7,4555.5,Buy
BAJFINANCE,2021-03-15,1,5388,916,2104.2,5388,Buy
BAJFINANCE,2021-01-28,1,4842.75,962,2649.45,4842.75,Buy
BAJFINANCE,2021-01-15,1,4916.65,975,2575.55,4916.65,Buy
BAJFINANCE,2020-12-21,1,5022.75,1000,2469.45,5022.75,Buy
BAJFINANCE,2020-10-29,1,3363.35,1053,4128.85,3363.35,Buy
BAJFINANCE,2020-09-09,1,3440,1103,4052.2,3440,Buy
BAJFINANCE,2020-08-17,1,3364.55,1126,4127.65,3364.55,Buy
BAJFINANCE,2020-07-14,1,3148.85,1160,4343.35,3148.85,Buy
BAJFINANCE,2020-06-25,1,2856.2,1179,4636,2856.2,Buy
BAJFINANCE,2020-05-18,1,1963,1217,5529.2,1963,Buy
BAJFINANCE,2020-03-03,1,4448.9,1293,3043.3,4448.9,Buy
BAJAJ-AUTO,2023-01-04,12,3548.8,256,18980.4,42585.6,Buy
BAJAJ-AUTO,2022-02-08,1,3454.5,586,1676,3454.5,Buy
BAJAJ-AUTO,2022-01-21,1,3463.75,604,1666.75,3463.75,Buy
BAJAJ-AUTO,2021-12-24,1,3150.35,632,1980.15,3150.35,Buy
BAJAJ-AUTO,2021-11-26,1,3354.8,660,1775.7,3354.8,Buy
BAJAJ-AUTO,2021-10-26,1,3794,691,1336.5,3794,Buy
BAJAJ-AUTO,2021-10-12,1,3972,705,1158.5,3972,Buy
BAJAJ-AUTO,2021-08-25,1,3736.4,753,1394.1,3736.4,Buy
BAJAJ-AUTO,2021-07-28,1,3799.1,781,1331.4,3799.1,Buy
BAJAJ-AUTO,2021-05-24,1,4160,846,970.5,4160,Buy
BAJAJ-AUTO,2021-05-03,1,3864.6,867,1265.9,3864.6,Buy
BAJAJ-AUTO,2021-03-24,1,3625.05,907,1505.45,3625.05,Buy
BAJAJ-AUTO,2021-02-23,1,3936.45,936,1194.05,3936.45,Buy
BAJAJ-AUTO,2021-01-07,1,3455,983,1675.5,3455,Buy
BAJAJ-AUTO,2020-12-08,1,3333.5,1013,1797,3333.5,Buy
BAJAJ-AUTO,2020-11-11,1,3012,1040,2118.5,3012,Buy
BAJAJ-AUTO,2020-10-09,1,3050.65,1073,2079.85,3050.65,Buy
BAJAJ-AUTO,2020-09-04,1,2869.6,1108,2260.9,2869.6,Buy
BAJAJ-AUTO,2020-08-07,1,3004.5,1136,2126,3004.5,Buy
BAJAJ-AUTO,2020-07-08,1,2845,1166,2285.5,2845,Buy
BAJAJ-AUTO,2020-06-09,1,2777.85,1195,2352.65,2777.85,Buy
BAJAJ-AUTO,2020-05-07,1,2405,1228,2725.5,2405,Buy
BAJAJ-AUTO,2020-04-13,1,2344.4,1252,2786.1,2344.4,Buy
BAJAJ-AUTO,2020-03-11,2,2583,1285,5095,5166,Buy
BAJAJ-AUTO,2020-02-11,1,3143.85,1314,1986.65,3143.85,Buy
BAJAJ-AUTO,2020-01-13,1,3113.95,1343,2016.55,3113.95,Buy
BAJAJ-AUTO,2019-12-11,1,3245.65,1376,1884.85,3245.65,Buy
BAJAJ-AUTO,2019-11-08,1,3271.5,1409,1859,3271.5,Buy
BAJAJ-AUTO,2019-10-09,1,2892.95,1439,2237.55,2892.95,Buy
BAJAJ-AUTO,2019-09-09,1,2818.25,1469,2312.25,2818.25,Buy
BAJAJ-AUTO,2019-08-08,1,2622,1501,2508.5,2622,Buy
BAJAJ-AUTO,2019-07-08,1,2784.9,1532,2345.6,2784.9,Buy
BAJAJ-AUTO,2019-06-04,1,2987.05,1566,2143.45,2987.05,Buy
AXISBANK,2022-02-08,2,777.2,586,499.2,1554.4,Buy
AXISBANK,2022-01-21,2,716.65,604,620.3,1433.3,Buy
AXISBANK,2021-12-24,2,666.75,632,720.1,1333.5,Buy
AXISBANK,2021-11-26,2,665.8,660,722,1331.6,Buy
AXISBANK,2021-10-26,2,840.7,691,372.2,1681.4,Buy
AXISBANK,2021-10-12,2,791.8,705,470,1583.6,Buy
AXISBANK,2021-08-25,3,744.15,753,847.95,2232.45,Buy
AXISBANK,2021-07-28,3,715,781,935.4,2145,Buy
AXISBANK,2021-05-24,4,735.4,846,1165.6,2941.6,Buy
AXISBANK,2021-05-03,4,705.1,867,1286.8,2820.4,Buy
AXISBANK,2021-03-24,4,714.95,907,1247.4,2859.8,Buy
AXISBANK,2021-02-23,4,720,936,1227.2,2880,Buy
AXISBANK,2021-01-07,6,668,983,2152.8,4008,Buy
AXISBANK,2020-12-08,6,618.85,1013,2447.7,3713.1,Buy
AXISBANK,2020-11-11,6,599.85,1040,2561.7,3599.1,Buy
AXISBANK,2020-10-09,6,463.4,1073,3380.4,2780.4,Buy
AXISBANK,2020-09-04,6,465.9,1108,3365.4,2795.4,Buy
AXISBANK,2020-08-07,6,434.85,1136,3551.7,2609.1,Buy
AXISBANK,2020-07-08,5,449.8,1166,2885,2249,Buy
AXISBANK,2020-06-09,6,429.7,1195,3582.6,2578.2,Buy
AXISBANK,2020-05-07,5,396.9,1228,3149.5,1984.5,Buy
AXISBANK,2020-04-13,3,413.8,1252,1839,1241.4,Buy
AXISBANK,2020-04-13,2,413.8,1252,1226,827.6,Buy
AXISBANK,2020-03-11,7,619.35,1285,2852.15,4335.45,Buy
AXISBANK,2020-02-11,3,753.4,1314,820.2,2260.2,Buy
AXISBANK,2020-01-13,5,744.15,1343,1413.25,3720.75,Buy
AXISBANK,2019-12-11,4,717.6,1376,1236.8,2870.4,Buy
AXISBANK,2019-11-08,3,731.9,1409,884.7,2195.7,Buy
AXISBANK,2019-10-09,3,677.55,1439,1047.75,2032.65,Buy
AXISBANK,2019-09-09,4,673.75,1469,1412.2,2695,Buy
AXISBANK,2019-08-08,4,653.75,1501,1492.2,2615,Buy
AXISBANK,2019-07-08,3,796.35,1532,691.35,2389.05,Buy
AXISBANK,2019-06-04,3,824.95,1566,605.55,2474.85,Buy
ASIANPAINT,2023-02-10,15,2802.05,219,5918.25,42030.75,Buy
ASIANPAINT,2022-02-04,1,3224.45,590,-27.85,3224.45,Buy
ASIANPAINT,2022-01-14,1,3352,611,-155.4,3352,Buy
ASIANPAINT,2021-12-06,1,3046.65,650,149.95,3046.65,Buy
ASIANPAINT,2021-11-09,1,3149.4,677,47.2,3149.4,Buy
ASIANPAINT,2021-11-03,1,3169.25,683,27.35,3169.25,Buy
ASIANPAINT,2021-09-08,1,3312.35,739,-115.75,3312.35,Buy
ASIANPAINT,2021-08-11,1,2966.85,767,229.75,2966.85,Buy
ASIANPAINT,2021-07-08,1,3025.15,801,171.45,3025.15,Buy
ASIANPAINT,2021-06-09,1,2943,830,253.6,2943,Buy
ASIANPAINT,2021-05-10,1,2557.15,860,639.45,2557.15,Buy
ASIANPAINT,2021-05-06,1,2532.6,864,664,2532.6,Buy
ASIANPAINT,2021-04-06,1,2590.05,894,606.55,2590.05,Buy
ASIANPAINT,2021-03-08,1,2403.9,923,792.7,2403.9,Buy
ASIANPAINT,2021-02-16,1,2422.9,943,773.7,2422.9,Buy
ASIANPAINT,2021-01-25,1,2523.95,965,672.65,2523.95,Buy
ASIANPAINT,2020-12-28,1,2667.85,993,528.75,2667.85,Buy
ASIANPAINT,2020-11-24,1,2218,1027,978.6,2218,Buy
ASIANPAINT,2020-10-23,1,2113.4,1059,1083.2,2113.4,Buy
ASIANPAINT,2020-09-22,1,1936.8,1090,1259.8,1936.8,Buy
ASIANPAINT,2020-08-31,1,1946.4,1112,1250.2,1946.4,Buy
ASIANPAINT,2020-07-24,1,1694.2,1150,1502.4,1694.2,Buy
ASIANPAINT,2020-06-25,1,1742.05,1179,1454.55,1742.05,Buy
ASIANPAINT,2020-05-22,1,1613.5,1213,1583.1,1613.5,Buy
ASIANPAINT,2020-04-27,1,1827.1,1238,1369.5,1827.1,Buy
ASIANPAINT,2020-03-30,1,1610.2,1266,1586.4,1610.2,Buy
ASIANPAINT,2020-02-25,1,1836.45,1300,1360.15,1836.45,Buy
ASIANPAINT,2020-01-23,1,1766.5,1333,1430.1,1766.5,Buy
ASIANPAINT,2019-12-23,1,1801.75,1364,1394.85,1801.75,Buy
ASIANPAINT,2019-11-22,1,1701.7,1395,1494.9,1701.7,Buy
ASIANPAINT,2019-10-22,1,1803.8,1426,1392.8,1803.8,Buy
ASIANPAINT,2019-09-25,2,1753.6,1453,2886,3507.2,Buy
ASIANPAINT,2019-08-22,4,1580.8,1487,6463.2,6323.2,Buy
ASIANPAINT,2019-07-22,1,1398.85,1518,1797.75,1398.85,Buy
ASIANPAINT,2019-05-22,1,1348.6,1579,1848,1348.6,Buy
ASIANPAINT,2019-04-25,1,1448.4,1606,1748.2,1448.4,Buy
ASIANPAINT,2019-03-25,1,1460.15,1637,1736.45,1460.15,Buy
ASIANPAINT,,1,2977.85,,,2977.85,Current
AXISBANK,,1,988.3,,,988.3,Current
BAJAJ-AUTO,,,5368.95,,,5368.95,Current
BAJAJFINSV,,,1538.3,,,1538.3,Current
BAJFINANCE,,,7420.2,,,7420.2,Current
BHARTIARTL,,,930.75,,,930.75,Current
COALINDIA,,,312,,,312,Current
DABUR,,,535.5,,,535.5,Current
GSFC,,,194.25,,,194.25,Current
HCLTECH,,,1267.75,,,1267.75,Current
HDFCBANK,,,1483.75,,,1483.75,Current
HEROMOTOCO,,,3088.05,,,3088.05,Current
HINDUNILVR,,,2509.25,,,2509.25,Current
ICICIBANK,,,933.8,,,933.8,Current
INDUSINDBK,,,1450.25,,,1450.25,Current
INFY,,,1389.1,,,1389.1,Current
ITC,,,433.55,,,433.55,Current
JSWSTEEL,,,746.3,,,746.3,Current
KOTAKBANK,,,1732,,,1732,Current
LT,,,2911.25,,,2911.25,Current
M&M,,,1469,,,1469,Current
MARUTI,,,10276.3,,,10276.3,Current
MASTEK,,,2235.4,,,2235.4,Current
MOIL,,,235.85,,,235.85,Current
NATIONALUM,,,93.05,,,93.05,Current
NMDC,,,159.5,,,159.5,Current
NTPC,,,234.35,,,234.35,Current
ONGC,,,190,,,190,Current
POWERGRID,,,204.4,,,204.4,Current
RELIANCE,,,2319.7,,,2319.7,Current
SBIN,,,578.15,,,578.15,Current
SJVN,,,73.86,,,73.86,Current
SUNPHARMA,,,1141.1,,,1141.1,Current
TAKE-T,,,20.7,,,20.7,Current
TATASTEEL,,,117.3,,,117.3,Current
TCS,,,3350.9,,,3350.9,Current
TECHM,,,1133.1,,,1133.1,Current
TIMETECHNO,,,164.35,,,164.35,Current
TITAN,,,3274.5,,,3274.5,Current
ULTRACEMCO,,,8522.6,,,8522.6,Current
